{
  "factor_name": "rev_yoy_x_roe_improvement",
  "passed": true,
  "level_reached": "L5",
  "failure_reason": "",
  "ic_20d": 0.07584389679563332,
  "icir_by_horizon": {
    "5d": 0.748959305502838,
    "10d": 0.8586429063519062,
    "20d": 0.8154735094947625,
    "60d": 0.8571015345071863
  },
  "best_icir": 0.8586429063519062,
  "best_horizon": "10d",
  "avg_turnover": 0.8964116269379427,
  "max_correlation": 0.0,
  "correlated_with": "",
  "positive_years": 0,
  "total_years": 0,
  "fitness": 24.975786035827884,
  "wf_avg_sharpe": 0.0,
  "wf_positive_ratio": 0.0,
  "duration_seconds": 0.9062263000087114
}