{
  "factor_name": "rev_yoy_x_gross_margin_chg",
  "passed": true,
  "level_reached": "L5",
  "failure_reason": "",
  "ic_20d": 0.07122819073116793,
  "icir_by_horizon": {
    "5d": 0.15750088200305326,
    "10d": 0.6402574977342542,
    "20d": 0.6658341331878285,
    "60d": 0.802212325411974
  },
  "best_icir": 0.802212325411974,
  "best_horizon": "60d",
  "avg_turnover": 0.8831031392115836,
  "max_correlation": 0.0,
  "correlated_with": "",
  "positive_years": 0,
  "total_years": 0,
  "fitness": 22.78292982730775,
  "wf_avg_sharpe": 0.0,
  "wf_positive_ratio": 0.0,
  "duration_seconds": 0.9103888999961782
}