{
  "factor_name": "rev_seasonal_deviation",
  "passed": true,
  "level_reached": "L5",
  "failure_reason": "",
  "ic_20d": 0.04799131596640788,
  "icir_by_horizon": {
    "5d": 0.6580419636389967,
    "10d": 0.8143806605988989,
    "20d": 0.4140213614626167,
    "60d": 0.3564254633880386
  },
  "best_icir": 0.8143806605988989,
  "best_horizon": "10d",
  "avg_turnover": 0.8285105829842673,
  "max_correlation": 0.0,
  "correlated_with": "",
  "positive_years": 0,
  "total_years": 0,
  "fitness": 19.600166068273083,
  "wf_avg_sharpe": 0.0,
  "wf_positive_ratio": 0.0,
  "duration_seconds": 0.9734619999944698
}