{
  "factor_name": "rev_yoy_acceleration",
  "passed": true,
  "level_reached": "L5",
  "failure_reason": "",
  "ic_20d": 0.041517649993759974,
  "icir_by_horizon": {
    "5d": 0.8598182855503261,
    "10d": 0.6214300605287292,
    "20d": 0.4588389184591704,
    "60d": 0.3427060480097947
  },
  "best_icir": 0.8598182855503261,
  "best_horizon": "5d",
  "avg_turnover": 0.8778199156193018,
  "max_correlation": 0.0,
  "correlated_with": "",
  "positive_years": 0,
  "total_years": 0,
  "fitness": 18.699084481294506,
  "wf_avg_sharpe": 0.0,
  "wf_positive_ratio": 0.0,
  "duration_seconds": 0.8498991999949794
}