{
  "factor_name": "rev_consecutive_beat",
  "passed": true,
  "level_reached": "L5",
  "failure_reason": "",
  "ic_20d": 0.02078005691614504,
  "icir_by_horizon": {
    "5d": 0.3692650954611,
    "10d": 0.5824142304563007,
    "20d": 0.20940493201111235,
    "60d": 0.053922373455640674
  },
  "best_icir": 0.5824142304563007,
  "best_horizon": "10d",
  "avg_turnover": 0.8670800744725966,
  "max_correlation": 0.0,
  "correlated_with": "",
  "positive_years": 0,
  "total_years": 0,
  "fitness": 9.016245761786378,
  "wf_avg_sharpe": 0.0,
  "wf_positive_ratio": 0.0,
  "duration_seconds": 0.8622504000086337
}