{
  "factor_name": "rev_seasonal_deviation",
  "passed": true,
  "level_reached": "L5",
  "failure_reason": "",
  "ic_20d": 0.023798839200430216,
  "icir_by_horizon": {
    "5d": 0.2851975077002979,
    "10d": 0.46080785721498085,
    "20d": 0.18862284255052306,
    "60d": 0.5211546768200442
  },
  "best_icir": 0.5211546768200442,
  "best_horizon": "60d",
  "avg_turnover": 0.8245208638347764,
  "max_correlation": 0.0,
  "correlated_with": "",
  "positive_years": 0,
  "total_years": 0,
  "fitness": 8.854085307120707,
  "wf_avg_sharpe": 0.0,
  "wf_positive_ratio": 0.0,
  "duration_seconds": 0.8780838000093354
}